BRAND,PRODUCT_NAME,SHIPPING
Philips,Philips SHP9500S Over-Ear Headphone Exclusive - Black,Free Shipping
Klipsch,Klipsch Reference R6 On-Ear Headphones - Black,Free Shipping
Klipsch,Klipsch X11 Noise Isolation Audiophile In-Ear Headphones (Black),Free Shipping
Philips,Philips M1MKIIBO/27 Fidelio Premium On-Ear Headphones w/ in-line Control and mic - Black/Orange,Free Shipping
Klipsch,Klipsch R6i In-Ear Headphones,Free Shipping
Monster,Monster NTUNE On-Ear Headphones (White),Free Shipping
Rosewill,Rosewill Hi Fidelity In-ear Headphone with Microphone / Headset / Dual Drivers - EX-700,Free Shipping
Beyerdynamic,Beyerdynamic 716782 MMX 41 iE In-Ear Headphones,Free Shipping
JBL,JBL E55BT Over-ear Wireless Headphones (White),Free Shipping
Beyerdynamic,Beyerdynamic 713457 Custom i On-Ear Headphones,Free Shipping
Nuance,Nuance Communications - 0POWM3N9-E - Nuance PowerMic III Microphone - Mono - 20 Hz to 16 kHz - Wired - 9 ft -,Free Shipping
Nuance,Nuance Communications - 0POWM3N3-E - Nuance PowerMic III Microphone - Mono - 20 Hz to 16 kHz - Wired - 3 ft -,Free Shipping
